epoch,train_loss,F1a,EM0,Acc,pred True %,AUC,val score
1,0.6624070920659281,33.02139037433155,4.242424242424243,61.594480643924875,13.415101571483326,60.6296798636286,18.631907308377897
2,0.6273060562723477,38.73610298420129,6.4646464646464645,59.869681870448446,21.579149099271753,57.143513233345146,22.600374724423876
3,0.5963817621831762,46.14561027837259,7.2727272727272725,61.44116519739363,27.673438098888465,61.12944188171523,26.70916877554993
4,0.5624230600965481,41.526894158473105,7.474747474747474,61.24952088922959,22.345726331927942,60.841835669611925,24.50082081661029
5,0.5294291568458627,43.74331550802139,8.080808080808081,59.6780375622844,27.75009582215408,60.9247416494592,25.912061794414736
6,0.4984593674512694,49.86149584487535,8.282828282828284,58.37485626676888,39.095438865465695,60.798921387237726,29.072162063851817
7,0.4735684372285671,47.30769230769231,7.474747474747474,57.99156765044078,35.799156765044074,58.95623160709962,27.39121989121989
8,0.44636254699874583,41.17974401780746,8.282828282828284,59.48639325412035,24.952088922958986,60.28350266432383,24.73128615031787
9,0.42607034183539594,42.45385450597177,7.6767676767676765,59.371406669221926,26.676887696435415,59.67593305014082,25.065311091369722
